层级,推荐关键词
1,fff
2,fff团
3,fff团
3,fff团之歌
3,fff团是什么梗
3,fff团是哪个动漫
3,fff团长
3,奇点时代fff团怎么打
3,fff团的盛典
3,fff团不敢烧系列
3,fff团万岁
3,fff团cos
2,FFF新媒体工作部
2,风风风
3,风风风
3,风风风解说
3,风风风完整版
3,风风风磨豆浆完整版
3,风风风完整版摇摇车原声
3,电影风风风原版
3,风风风大风大风大风
3,风风风电影解说
3,电影风风风
3,风风风风
2,fff
3,fff团
3,FFF新媒体工作部
3,风风风
3,fff
3,凤飞飞
3,fff团是什么梗
3,哈苏fff
3,风风风完整版
3,房飞逢
3,fff1
2,凤飞飞
3,凤飞飞
3,凤飞飞流水年华
3,凤飞飞经典歌曲
3,凤飞飞追梦人
3,凤飞飞演唱会
3,凤飞飞35周年演唱会
3,凤飞飞巧合
3,凤飞飞电影
3,凤飞飞掌声响起来
3,凤飞飞歌曲合集
2,fff团是什么梗
3,大fff团是什么梗
2,哈苏fff
3,哈苏fff文件怎么打开
3,哈苏fff文件怎么后期
3,哈苏fff怎么去色罩
3,哈苏fff文件
3,哈苏fff文件怎么改格式
3,哈苏fff底片扫描件如何切割
2,风风风完整版
3,风风风完整版摇摇车原声
3,风风风完整版无讲解
3,风风风完整版车上摇摇车原声
3,韩剧风风风完整版
3,风都侦探剧场版
3,风灵月影免费版怎么下载
2,房飞逢
3,房飞逢
3,房飞逢单飞
3,房飞逢剃头
3,房飞逢剪头发
3,房飞逢回归
3,房飞逢合集
3,房飞逢理发
3,房飞逢回应是否还会再次单飞
3,房飞逢光头
3,房飞逢直播
2,fff1
3,fff1冲浪机
3,fff1纸飞机
3,fff14
3,fff13
3,fff17
3,fff14职业
3,fff14手游
3,fff15
3,fff14镰刀
3,fff10e5eab40
